"2018-Mar-14,11:10:11",Drops,mL/min
Time(s),F1,F1
7.103583812713623,0.4476613613411025
7.401644945144653,0.8592684527744128
7.5817108154296875,1.2582912
7.891774892807007,1.6118047172878307
8.086290836334229,1.96629088933536
8.193094968795776,2.328790288977254
8.361557006835938,2.6621836078856465
