"2018-Jun-25,10:36:37",degrees C,degrees C,raw signal,Volts,psi,bar,raw signal,Volts,psi,bar
Time(s),T1,T2,P1,P1,P1,P1,P2,P2,P2,P2,Jp,TMP
1.7920629978179932,20.937,20.812,0.31611111760139465,0.5690000116825104,15.138262673784851,1.0437468795270484,0.2522222101688385,0.4539999783039093,13.907654619133176,0.9588994076181465
5.983581066131592,20.937,20.812,0.31555554270744324,0.5679999768733979,15.067718457568766,1.0388830251250682,0.24222221970558167,0.43599999547004703,11.373873251137702,0.7842012633701418
10.169291973114014,20.937,20.812,0.3222222328186035,0.5800000190734863,15.91422256307731,1.097247451590029,0.25055554509162903,0.4509999811649323,13.48535772446727,0.9297830502434795
14.391910076141357,21.0,20.812,0.31611111760139465,0.5690000116825104,15.138262673784851,1.0437468795270484,0.24222221970558167,0.43599999547004703,11.373873251137702,0.7842012633701418
