"2018-Mar-22,10:16:04",Drops,mL/min
Time(s),F1,F1
2.1231188774108887,1.497796488851327
5.099594831466675,1.2471579037526839
