"2018-May-07,19:00:08",degrees C,degrees C,raw signal,Volts,psi,bar,raw signal,Volts,psi,bar
Time(s),T1,T2,P1,P1,P1,P1,P2,P2,P2,P2,Jp,TMP
1.5793821811676025,21.562,21.187,0.2016666680574417,0.3630000025033951,0.6066593179538984,0.041827703990558206,0.1850000023841858,0.3330000042915344,-3.124999384498871,-0.21546120756267434
5.76568603515625,21.562,21.187,0.20499999821186066,0.3689999967813492,1.0299094786307066,0.0710097867688385,0.19111111760139465,0.3440000116825104,-1.576574920302484,-0.10870105697504753
9.951902151107788,21.562,21.187,0.23777778446674347,0.42800001204013827,5.191874437492551,0.3579672819664614,0.20055556297302246,0.36100001335144044,0.8164433332257346,0.05629180836191466
14.142388105392456,21.562,21.187,0.2761111259460449,0.49700002670288085,10.059256961508233,0.693561625279285,0.19833333790302277,0.357000008225441,0.2533795484605008,0.017469911755435226
