"2018-May-07,19:00:04",Drops,mL/min
Time(s),F1,F1
15.701709032058716,0.2025257246524748
23.863353967666626,0.26651743961127206
