"2018-May-07,13:35:12",degrees C,degrees C,raw signal,Volts,psi,bar,raw signal,Volts,psi,bar
Time(s),T1,T2,P1,P1,P1,P1,P2,P2,P2,P2,Jp,TMP
1.5777349472045898,21.437,20.562,0.24666666984558105,0.4440000057220459,6.320542163323193,0.4357862128599422,0.21111111342906952,0.38000000417232516,3.490991591320544,0.2406954918417323
