"2018-May-09,19:06:21",Drops,mL/min
Time(s),F1,F1
0.90596604347229,3.5100653307181746
0.9239590167999268,6.883422191200054
1.8125,5.263448275862069
2.7189249992370605,4.678319557755096
