"2018-Jun-25,11:11:44",Drops,mL/min
Time(s),F1,F1
2.0994019508361816,1.514717083469138
3.157231092453003,2.0144233392363473
3.59086012840271,2.6567450858197565
3.91695499420166,3.2474205138505923
4.211234092712402,3.775615330317345
4.488205909729004,4.251141855733629
8.328887939453125,2.6726257048743043
