"2018-Mar-08,14:46:25",degrees C,degrees C,Drops,mL/min,raw signal,Volts,psi,bar,raw signal,Volts,psi,bar
Time(s),T1,T2,F1,F1,P1,P1,P1,P1,P2,P2,P2,P2,Jp,TMP
1.5871429443359375,20.812,20.25,1,20.036002499639476,0.3583333194255829,0.6449999749660492,20.499433898461035,1.413386768657532,0.27000001072883606,0.4860000193119049,18.41216489725508,1.2694745804699845
4.823692798614502,20.812,20.25,1,,0.3611111044883728,0.6499999880790711,20.852143627076686,1.4377052579422325,0.26777777075767517,0.48199998736381533,17.84909733685778,1.2306524235427354
8.061325788497925,20.812,20.25,1,,0.3583333194255829,0.6449999749660492,20.499433898461035,1.413386768657532,0.26944443583488464,0.48499998450279236,18.2713942315237,1.2597687809174034
11.303374767303467,20.875,20.25,1,,0.35499998927116394,0.6389999806880952,20.076183737784227,1.3842046858792518,0.2683333456516266,0.48300002217292787,17.989868002589176,1.2403582230953174
14.539713859558105,20.875,20.25,2,4.37422638535563,0.3566666543483734,0.6419999778270722,20.287808818122635,1.3987957272683922,0.273333340883255,0.492000013589859,19.256758686586906,1.3277072952193194
17.77638578414917,20.875,20.25,2,,0.35777777433395386,0.6439999938011169,20.428893466399877,1.4085231751639522,0.273333340883255,0.492000013589859,19.256758686586906,1.3277072952193194
