"2018-Mar-15,11:16:39",Drops,mL/min
Time(s),F1,F1
53.64580988883972,0.05927769580866288
55.9561550617218,0.11366041846486188
60.431432008743286,0.1578648673858952
62.34332990646362,0.2040314500217483
64.13135290145874,0.24792865393672894
68.96482586860657,0.2766627735180782
70.43030405044556,0.3160571333620301
71.87298393249512,0.353957754472722
