"2018-Jun-25,11:06:12",Drops,mL/min
Time(s),F1,F1
2.3285818099975586,1.3656380833806026
3.1744158267974854,2.0035182367447733
3.4441139698028564,2.769943179477907
3.9326438903808594,3.2344652489671835
4.267413854598999,3.725910010547617
4.620983839035034,4.128990852299612
4.973038911819458,4.47613630110444
12.35794186592102,2.058595215612304
