"2018-Mar-08,15:54:06",degrees C,degrees C,Drops,mL/min,raw signal,Volts,psi,bar,raw signal,Volts,psi,bar
Time(s),T1,T2,F1,F1,P1,P1,P1,P1,P2,P2,P2,P2,Jp,TMP
1.6208059787750244,21.25,20.625,0,,0.37388888001441956,0.6729999840259552,22.474603837722753,1.5495699955617732,0.277222216129303,0.4989999890327454,20.242115590386007,1.3956452888796982
4.865242004394531,21.25,20.625,0,,0.37166666984558105,0.6690000057220459,22.192438325323188,1.530115360679053,0.27666667103767395,0.4980000078678131,20.101352475918745,1.3859400099686552
8.108690977096558,21.312,20.625,1,3.9217180787652217,0.3727777898311615,0.6710000216960907,22.333522973600438,1.5398428085746134,0.27666667103767395,0.4980000078678131,20.101352475918745,1.3859400099686552
11.34926986694336,21.312,20.625,1,,0.37166666984558105,0.6690000057220459,22.192438325323188,1.530115360679053,0.2777777910232544,0.5000000238418579,20.382886256117388,1.405351088432279
14.586429834365845,21.375,20.625,1,,0.371111124753952,0.6680000245571137,22.121897893262037,1.5252517671854735,0.2761111259460449,0.49700002670288085,19.96058936145147,1.3762347310576113
17.812793970108032,21.375,20.625,2,3.5704673902773645,0.3700000047683716,0.6660000085830688,21.980813244984788,1.515524319289913,0.28111112117767334,0.506000018119812,21.227480045449212,1.463583803181614
21.053996801376343,21.375,20.625,2,,0.3727777898311615,0.6710000216960907,22.333522973600438,1.5398428085746134,0.2777777910232544,0.5000000238418579,20.382886256117388,1.405351088432279
